id;first_name;last_name;email;telephone;occupation
1;Cécile;Barre;Archibald.Michel@hotmail.fr;0787216642;Rustic SQL index
2;Bénigne;Benoit;Astre_Roy19@gmail.com;+33 197553760;Picardie Tchad Extended
3;Hélier;Da silva;Thodore.Francois78@hotmail.fr;0792894026;extranet Lilangeni Steel
4;Innocent;Fabre;Hlne25@hotmail.fr;0585860772;Compatible Small
5;Eugène;Dupont;Dorine_Renaud70@hotmail.fr;0467641029;redundant
6;Lucas;Leclercq;Agilberte_Dupont@hotmail.fr;0758557416;FTP Concrete
7;Fulgence;Berger;Leu.Lefevre@gmail.com;+33 145151827;connect
8;Albérade;Charpentier;Mlodie_Marchal53@gmail.com;0706994139;Auto
9;Anastasie;Fournier;Rgine7@yahoo.fr;0449604948;Virtual initiatives invoice
10;Calixte;Francois;Amandin.Roussel@hotmail.fr;+33 529631012;Small virtual Account
