id;title;keywords;description;rating;date_added;date_modified
1;Steel;Consultant;cross-platform c;35091;2022-08-15;2022-08-14
2;Computer c deposit;THX Car;Soap withdrawal;40879;2022-08-15;2022-08-15
3;Incredible Kirghizistan;compressing withdrawal green;Bedfordshire Liban neutral;4184;2022-08-15;2022-08-15
4;digital;CFP orange;Vaneau;95487;2022-08-15;2022-08-15
5;indigo JSON Limousin;Steel;solutions;27331;2022-08-15;2022-08-15
6;Rubber Chips;Keyboard;d'Argenteuil black pixel;28408;2022-08-15;2022-08-14
7;Renminbi rich de;virtual Stand-alone Fantastic;Buckinghamshire;8835;2022-08-15;2022-08-14
8;a;application grey solution;Franche-Comté Ergonomic Ergonomic;5859;2022-08-15;2022-08-15
9;full-range;back-end a b;Games;67286;2022-08-15;2022-08-14
10;transmit Incredible IB;Algérie Rustic;Taka;90493;2022-08-15;2022-08-14
